,time_code,year,month,day,week
0,20130322,2013,3,22,12
1,20130323,2013,3,23,12
2,20130326,2013,3,26,13
3,20130327,2013,3,27,13
4,20130328,2013,3,28,13
5,20130329,2013,3,29,13
6,20130330,2013,3,30,13
7,20130331,2013,3,31,13
8,20130401,2013,4,1,14
9,20130402,2013,4,2,14
10,20130403,2013,4,3,14
11,20130404,2013,4,4,14
12,20130405,2013,4,5,14
13,20130406,2013,4,6,14
14,20130407,2013,4,7,14
15,20130408,2013,4,8,15
16,20130409,2013,4,9,15
17,20130410,2013,4,10,15
18,20130411,2013,4,11,15
19,20130412,2013,4,12,15
20,20130413,2013,4,13,15
21,20130414,2013,4,14,15
22,20130415,2013,4,15,16
23,20130416,2013,4,16,16
24,20130417,2013,4,17,16
25,20130418,2013,4,18,16
26,20130419,2013,4,19,16
27,20130420,2013,4,20,16
28,20130421,2013,4,21,16
29,20130422,2013,4,22,17
30,20130423,2013,4,23,17
31,20130424,2013,4,24,17
32,20130425,2013,4,25,17
33,20130426,2013,4,26,17
34,20130427,2013,4,27,17
35,20130428,2013,4,28,17
36,20130429,2013,4,29,18
37,20130430,2013,4,30,18
38,20130501,2013,5,1,18
39,20130502,2013,5,2,18
40,20130503,2013,5,3,18
41,20130504,2013,5,4,18
42,20130505,2013,5,5,18
43,20130506,2013,5,6,19
44,20130507,2013,5,7,19
45,20130508,2013,5,8,19
46,20130509,2013,5,9,19
47,20130510,2013,5,10,19
48,20130511,2013,5,11,19
49,20130512,2013,5,12,19
50,20130513,2013,5,13,20
51,20130514,2013,5,14,20
52,20130515,2013,5,15,20
53,20130516,2013,5,16,20
54,20130517,2013,5,17,20
55,20130518,2013,5,18,20
56,20130519,2013,5,19,20
57,20130520,2013,5,20,21
58,20130521,2013,5,21,21
59,20130522,2013,5,22,21
60,20130523,2013,5,23,21
61,20130524,2013,5,24,21
62,20130525,2013,5,25,21
63,20130526,2013,5,26,21
64,20130527,2013,5,27,22
65,20130528,2013,5,28,22
66,20130529,2013,5,29,22
67,20130530,2013,5,30,22
68,20130531,2013,5,31,22
69,20130601,2013,6,1,22
70,20130602,2013,6,2,22
71,20130603,2013,6,3,23
72,20130604,2013,6,4,23
73,20130605,2013,6,5,23
74,20130606,2013,6,6,23
75,20130607,2013,6,7,23
76,20130608,2013,6,8,23
77,20130609,2013,6,9,23
78,20130610,2013,6,10,24
79,20130611,2013,6,11,24
80,20130612,2013,6,12,24
81,20130613,2013,6,13,24
82,20130614,2013,6,14,24
83,20130615,2013,6,15,24
84,20130616,2013,6,16,24
85,20130617,2013,6,17,25
86,20130618,2013,6,18,25
87,20130619,2013,6,19,25
88,20130620,2013,6,20,25
89,20130621,2013,6,21,25
90,20130622,2013,6,22,25
91,20130623,2013,6,23,25
92,20130624,2013,6,24,26
93,20130625,2013,6,25,26
94,20130626,2013,6,26,26
95,20130627,2013,6,27,26
96,20130628,2013,6,28,26
97,20130629,2013,6,29,26
98,20130630,2013,6,30,26
99,20130701,2013,7,1,27
100,20130702,2013,7,2,27
101,20130703,2013,7,3,27
102,20130704,2013,7,4,27
103,20130705,2013,7,5,27
104,20130706,2013,7,6,27
105,20130707,2013,7,7,27
106,20130708,2013,7,8,28
107,20130709,2013,7,9,28
108,20130710,2013,7,10,28
109,20130711,2013,7,11,28
110,20130712,2013,7,12,28
111,20130713,2013,7,13,28
112,20130714,2013,7,14,28
113,20130715,2013,7,15,29
114,20130716,2013,7,16,29
115,20130717,2013,7,17,29
116,20130718,2013,7,18,29
117,20130719,2013,7,19,29
118,20130720,2013,7,20,29
119,20130721,2013,7,21,29
120,20130722,2013,7,22,30
121,20130723,2013,7,23,30
122,20130724,2013,7,24,30
123,20130725,2013,7,25,30
124,20130726,2013,7,26,30
125,20130727,2013,7,27,30
126,20130728,2013,7,28,30
127,20130729,2013,7,29,31
128,20130730,2013,7,30,31
129,20130731,2013,7,31,31
130,20130801,2013,8,1,31
131,20130802,2013,8,2,31
132,20130803,2013,8,3,31
133,20130804,2013,8,4,31
134,20130805,2013,8,5,32
135,20130806,2013,8,6,32
136,20130807,2013,8,7,32
137,20130808,2013,8,8,32
138,20130809,2013,8,9,32
139,20130810,2013,8,10,32
140,20130811,2013,8,11,32
141,20130812,2013,8,12,33
142,20130813,2013,8,13,33
143,20130814,2013,8,14,33
144,20130815,2013,8,15,33
145,20130816,2013,8,16,33
146,20130817,2013,8,17,33
147,20130818,2013,8,18,33
148,20130819,2013,8,19,34
149,20130820,2013,8,20,34
150,20130821,2013,8,21,34
151,20130822,2013,8,22,34
152,20130823,2013,8,23,34
153,20130824,2013,8,24,34
154,20130825,2013,8,25,34
155,20130826,2013,8,26,35
156,20130827,2013,8,27,35
157,20130828,2013,8,28,35
158,20130829,2013,8,29,35
159,20130830,2013,8,30,35
160,20130831,2013,8,31,35
161,20130901,2013,9,1,35
162,20130902,2013,9,2,36
163,20130903,2013,9,3,36
164,20130904,2013,9,4,36
165,20130905,2013,9,5,36
166,20130906,2013,9,6,36
167,20130907,2013,9,7,36
168,20130908,2013,9,8,36
169,20130909,2013,9,9,37
170,20130910,2013,9,10,37
171,20130911,2013,9,11,37
172,20130912,2013,9,12,37
173,20130913,2013,9,13,37
174,20130914,2013,9,14,37
175,20130915,2013,9,15,37
176,20130916,2013,9,16,38
177,20130917,2013,9,17,38
178,20130918,2013,9,18,38
179,20130919,2013,9,19,38
180,20130920,2013,9,20,38
181,20130921,2013,9,21,38
182,20130922,2013,9,22,38
183,20130923,2013,9,23,39
184,20130924,2013,9,24,39
185,20130925,2013,9,25,39
186,20130926,2013,9,26,39
187,20130927,2013,9,27,39
188,20130928,2013,9,28,39
189,20130929,2013,9,29,39
190,20130930,2013,9,30,40
191,20131001,2013,10,1,40
192,20131002,2013,10,2,40
193,20131003,2013,10,3,40
194,20131004,2013,10,4,40
195,20131005,2013,10,5,40
196,20131006,2013,10,6,40
197,20131007,2013,10,7,41
198,20131008,2013,10,8,41
199,20131009,2013,10,9,41
200,20131010,2013,10,10,41
201,20131011,2013,10,11,41
202,20131012,2013,10,12,41
203,20131013,2013,10,13,41
204,20131014,2013,10,14,42
205,20131015,2013,10,15,42
206,20131016,2013,10,16,42
207,20131017,2013,10,17,42
208,20131018,2013,10,18,42
209,20131019,2013,10,19,42
210,20131020,2013,10,20,42
211,20131021,2013,10,21,43
212,20131022,2013,10,22,43
213,20131023,2013,10,23,43
214,20131024,2013,10,24,43
215,20131025,2013,10,25,43
216,20131026,2013,10,26,43
217,20131027,2013,10,27,43
218,20131028,2013,10,28,44
219,20131029,2013,10,29,44
220,20131030,2013,10,30,44
221,20131031,2013,10,31,44
222,20131101,2013,11,1,44
223,20131102,2013,11,2,44
224,20131103,2013,11,3,44
225,20131104,2013,11,4,45
226,20131105,2013,11,5,45
227,20131106,2013,11,6,45
228,20131107,2013,11,7,45
229,20131108,2013,11,8,45
230,20131109,2013,11,9,45
231,20131110,2013,11,10,45
232,20131111,2013,11,11,46
233,20131112,2013,11,12,46
234,20131113,2013,11,13,46
235,20131114,2013,11,14,46
236,20131115,2013,11,15,46
237,20131116,2013,11,16,46
238,20131117,2013,11,17,46
239,20131118,2013,11,18,47
240,20131119,2013,11,19,47
241,20131120,2013,11,20,47
242,20131121,2013,11,21,47
243,20131122,2013,11,22,47
244,20131123,2013,11,23,47
245,20131124,2013,11,24,47
246,20131125,2013,11,25,48
247,20131126,2013,11,26,48
248,20131127,2013,11,27,48
249,20131128,2013,11,28,48
250,20131129,2013,11,29,48
251,20131130,2013,11,30,48
252,20131201,2013,12,1,48
253,20131202,2013,12,2,49
254,20131203,2013,12,3,49
255,20131204,2013,12,4,49
256,20131205,2013,12,5,49
257,20131206,2013,12,6,49
258,20131207,2013,12,7,49
259,20131208,2013,12,8,49
260,20131209,2013,12,9,50
261,20131210,2013,12,10,50
262,20131211,2013,12,11,50
263,20131212,2013,12,12,50
264,20131213,2013,12,13,50
265,20131214,2013,12,14,50
266,20131215,2013,12,15,50
267,20131216,2013,12,16,51
268,20131217,2013,12,17,51
269,20131218,2013,12,18,51
270,20131219,2013,12,19,51
271,20131220,2013,12,20,51
272,20131221,2013,12,21,51
273,20131222,2013,12,22,51
274,20131223,2013,12,23,52
275,20131224,2013,12,24,52
276,20131225,2013,12,25,52
277,20131226,2013,12,26,52
278,20131227,2013,12,27,52
279,20131228,2013,12,28,52
280,20131229,2013,12,29,52
281,20131230,2013,12,30,53
282,20131231,2013,12,31,53
283,20140101,2014,1,1,1
284,20140102,2014,1,2,1
285,20140103,2014,1,3,1
286,20140104,2014,1,4,1
287,20140105,2014,1,5,1
288,20140106,2014,1,6,2
289,20140107,2014,1,7,2
290,20140108,2014,1,8,2
291,20140109,2014,1,9,2
292,20140110,2014,1,10,2
293,20140111,2014,1,11,2
294,20140112,2014,1,12,2
295,20140113,2014,1,13,3
296,20140114,2014,1,14,3
297,20140115,2014,1,15,3
298,20140116,2014,1,16,3
299,20140117,2014,1,17,3
300,20140118,2014,1,18,3
301,20140119,2014,1,19,3
302,20140120,2014,1,20,4
303,20140121,2014,1,21,4
304,20140122,2014,1,22,4
305,20140123,2014,1,23,4
306,20140124,2014,1,24,4
307,20140125,2014,1,25,4
308,20140126,2014,1,26,4
309,20140127,2014,1,27,5
310,20140128,2014,1,28,5
311,20140129,2014,1,29,5
312,20140130,2014,1,30,5
313,20140131,2014,1,31,5
314,20140201,2014,2,1,5
315,20140202,2014,2,2,5
316,20140203,2014,2,3,6
317,20140204,2014,2,4,6
318,20140205,2014,2,5,6
319,20140206,2014,2,6,6
320,20140207,2014,2,7,6
321,20140208,2014,2,8,6
322,20140209,2014,2,9,6
323,20140210,2014,2,10,7
324,20140211,2014,2,11,7
325,20140212,2014,2,12,7
326,20140213,2014,2,13,7
327,20140214,2014,2,14,7
328,20140215,2014,2,15,7
329,20140216,2014,2,16,7
330,20140217,2014,2,17,8
331,20140218,2014,2,18,8
332,20140219,2014,2,19,8
333,20140220,2014,2,20,8
334,20140221,2014,2,21,8
335,20140222,2014,2,22,8
336,20140223,2014,2,23,8
337,20140224,2014,2,24,9
338,20140225,2014,2,25,9
339,20140226,2014,2,26,9
340,20140227,2014,2,27,9
341,20140228,2014,2,28,9
342,20140301,2014,3,1,9
343,20140302,2014,3,2,9
344,20140303,2014,3,3,10
345,20140304,2014,3,4,10
346,20140305,2014,3,5,10
347,20140306,2014,3,6,10
348,20140307,2014,3,7,10
349,20140308,2014,3,8,10
350,20140309,2014,3,9,10
351,20140310,2014,3,10,11
352,20140311,2014,3,11,11
353,20140312,2014,3,12,11
354,20140313,2014,3,13,11
355,20140314,2014,3,14,11
356,20140315,2014,3,15,11
357,20140316,2014,3,16,11
358,20140317,2014,3,17,12
359,20140318,2014,3,18,12
360,20140319,2014,3,19,12
361,20140320,2014,3,20,12
362,20140321,2014,3,21,12
363,20140322,2014,3,22,12
364,20140323,2014,3,23,12
365,20140324,2014,3,24,13
366,20140325,2014,3,25,13
367,20140326,2014,3,26,13
368,20140327,2014,3,27,13
369,20140328,2014,3,28,13
370,20140329,2014,3,29,13
371,20140330,2014,3,30,13
372,20140331,2014,3,31,14
373,20140401,2014,4,1,14
374,20140402,2014,4,2,14
375,20140403,2014,4,3,14
376,20140404,2014,4,4,14
377,20140405,2014,4,5,14
378,20140406,2014,4,6,14
379,20140407,2014,4,7,15
380,20140408,2014,4,8,15
381,20140409,2014,4,9,15
382,20140410,2014,4,10,15
383,20140411,2014,4,11,15
384,20140412,2014,4,12,15
385,20140413,2014,4,13,15
386,20140414,2014,4,14,16
387,20140415,2014,4,15,16
388,20140416,2014,4,16,16
389,20140417,2014,4,17,16
390,20140418,2014,4,18,16
391,20140419,2014,4,19,16
392,20140420,2014,4,20,16
393,20140421,2014,4,21,17
394,20140422,2014,4,22,17
395,20140423,2014,4,23,17
396,20140424,2014,4,24,17
397,20140425,2014,4,25,17
398,20140426,2014,4,26,17
399,20140427,2014,4,27,17
400,20140428,2014,4,28,18
401,20140429,2014,4,29,18
402,20140430,2014,4,30,18
403,20140501,2014,5,1,18
404,20140502,2014,5,2,18
405,20140503,2014,5,3,18
406,20140504,2014,5,4,18
407,20140505,2014,5,5,19
408,20140506,2014,5,6,19
409,20140507,2014,5,7,19
410,20140508,2014,5,8,19
411,20140509,2014,5,9,19
412,20140510,2014,5,10,19
413,20140511,2014,5,11,19
414,20140512,2014,5,12,20
415,20140513,2014,5,13,20
416,20140514,2014,5,14,20
417,20140515,2014,5,15,20
418,20140516,2014,5,16,20
419,20140517,2014,5,17,20
420,20140518,2014,5,18,20
421,20140519,2014,5,19,21
422,20140520,2014,5,20,21
423,20140521,2014,5,21,21
424,20140522,2014,5,22,21
425,20140523,2014,5,23,21
426,20140524,2014,5,24,21
427,20140525,2014,5,25,21
428,20140526,2014,5,26,22
429,20140527,2014,5,27,22
430,20140528,2014,5,28,22
431,20140529,2014,5,29,22
432,20140530,2014,5,30,22
433,20140531,2014,5,31,22
434,20140601,2014,6,1,22
435,20140602,2014,6,2,23
436,20140603,2014,6,3,23
437,20140604,2014,6,4,23
438,20140605,2014,6,5,23
439,20140606,2014,6,6,23
440,20140607,2014,6,7,23
441,20140608,2014,6,8,23
442,20140609,2014,6,9,24
443,20140610,2014,6,10,24
444,20140611,2014,6,11,24
445,20140612,2014,6,12,24
446,20140613,2014,6,13,24
447,20140614,2014,6,14,24
448,20140615,2014,6,15,24
449,20140616,2014,6,16,25
450,20140617,2014,6,17,25
451,20140618,2014,6,18,25
452,20140619,2014,6,19,25
453,20140620,2014,6,20,25
454,20140621,2014,6,21,25
455,20140622,2014,6,22,25
456,20140623,2014,6,23,26
457,20140624,2014,6,24,26
458,20140625,2014,6,25,26
459,20140626,2014,6,26,26
460,20140627,2014,6,27,26
461,20140628,2014,6,28,26
462,20140629,2014,6,29,26
463,20140630,2014,6,30,27
464,20140701,2014,7,1,27
465,20140702,2014,7,2,27
466,20140703,2014,7,3,27
467,20140704,2014,7,4,27
468,20140705,2014,7,5,27
469,20140706,2014,7,6,27
470,20140707,2014,7,7,28
471,20140708,2014,7,8,28
472,20140709,2014,7,9,28
473,20140710,2014,7,10,28
474,20140711,2014,7,11,28
475,20140712,2014,7,12,28
476,20140713,2014,7,13,28
477,20140714,2014,7,14,29
478,20140715,2014,7,15,29
479,20140716,2014,7,16,29
480,20140717,2014,7,17,29
481,20140718,2014,7,18,29
482,20140719,2014,7,19,29
483,20140720,2014,7,20,29
484,20140721,2014,7,21,30
485,20140722,2014,7,22,30
486,20140723,2014,7,23,30
487,20140724,2014,7,24,30
488,20140725,2014,7,25,30
489,20140726,2014,7,26,30
490,20140727,2014,7,27,30
491,20140728,2014,7,28,31
492,20140729,2014,7,29,31
493,20140730,2014,7,30,31
494,20140731,2014,7,31,31
495,20140801,2014,8,1,31
496,20140802,2014,8,2,31
497,20140803,2014,8,3,31
498,20140804,2014,8,4,32
499,20140805,2014,8,5,32
500,20140806,2014,8,6,32
501,20140807,2014,8,7,32
502,20140808,2014,8,8,32
503,20140809,2014,8,9,32
504,20140810,2014,8,10,32
505,20140811,2014,8,11,33
506,20140812,2014,8,12,33
507,20140813,2014,8,13,33
508,20140814,2014,8,14,33
509,20140815,2014,8,15,33
510,20140816,2014,8,16,33
511,20140817,2014,8,17,33
512,20140818,2014,8,18,34
513,20140819,2014,8,19,34
514,20140820,2014,8,20,34
515,20140821,2014,8,21,34
516,20140822,2014,8,22,34
517,20140823,2014,8,23,34
519,20140825,2014,8,25,35
520,20140826,2014,8,26,35
521,20140827,2014,8,27,35
522,20140828,2014,8,28,35
523,20140829,2014,8,29,35
524,20140830,2014,8,30,35
525,20140831,2014,8,31,35
526,20140901,2014,9,1,36
527,20140902,2014,9,2,36
528,20140903,2014,9,3,36
529,20140904,2014,9,4,36
530,20140905,2014,9,5,36
531,20140906,2014,9,6,36
533,20140908,2014,9,8,37
534,20140909,2014,9,9,37
535,20140910,2014,9,10,37
536,20140911,2014,9,11,37
537,20140912,2014,9,12,37
538,20140913,2014,9,13,37
539,20140914,2014,9,14,37
540,20140915,2014,9,15,38
541,20140916,2014,9,16,38
542,20140917,2014,9,17,38
543,20140918,2014,9,18,38
544,20140919,2014,9,19,38
545,20140920,2014,9,20,38
546,20140921,2014,9,21,38
547,20140922,2014,9,22,39
548,20140923,2014,9,23,39
549,20140924,2014,9,24,39
551,20140926,2014,9,26,39
552,20140927,2014,9,27,39
553,20140928,2014,9,28,39
554,20140929,2014,9,29,40
555,20140930,2014,9,30,40
556,20141001,2014,10,1,40
557,20141002,2014,10,2,40
558,20141003,2014,10,3,40
559,20141004,2014,10,4,40
560,20141005,2014,10,5,40
561,20141006,2014,10,6,41
562,20141007,2014,10,7,41
563,20141008,2014,10,8,41
564,20141009,2014,10,9,41
565,20141010,2014,10,10,41
566,20141011,2014,10,11,41
567,20141012,2014,10,12,41
568,20141013,2014,10,13,42
569,20141014,2014,10,14,42
570,20141015,2014,10,15,42
571,20141016,2014,10,16,42
572,20141017,2014,10,17,42
573,20141018,2014,10,18,42
574,20141019,2014,10,19,42
575,20141020,2014,10,20,43
576,20141021,2014,10,21,43
577,20141022,2014,10,22,43
578,20141023,2014,10,23,43
579,20141024,2014,10,24,43
580,20141025,2014,10,25,43
581,20141026,2014,10,26,43
582,20141027,2014,10,27,44
583,20141028,2014,10,28,44
584,20141029,2014,10,29,44
585,20141030,2014,10,30,44
586,20141031,2014,10,31,44
587,20141101,2014,11,1,44
588,20141102,2014,11,2,44
589,20141103,2014,11,3,45
590,20141104,2014,11,4,45
591,20141105,2014,11,5,45
592,20141106,2014,11,6,45
593,20141107,2014,11,7,45
594,20141108,2014,11,8,45
595,20141109,2014,11,9,45
596,20141110,2014,11,10,46
597,20141111,2014,11,11,46
598,20141112,2014,11,12,46
599,20141113,2014,11,13,46
600,20141114,2014,11,14,46
601,20141115,2014,11,15,46
602,20141116,2014,11,16,46
603,20141117,2014,11,17,47
604,20141118,2014,11,18,47
605,20141119,2014,11,19,47
606,20141120,2014,11,20,47
607,20141121,2014,11,21,47
608,20141122,2014,11,22,47
609,20141123,2014,11,23,47
610,20141124,2014,11,24,48
611,20141125,2014,11,25,48
612,20141126,2014,11,26,48
613,20141127,2014,11,27,48
614,20141128,2014,11,28,48
615,20141129,2014,11,29,48
616,20141130,2014,11,30,48
617,20141201,2014,12,1,49
618,20141202,2014,12,2,49
619,20141203,2014,12,3,49
620,20141204,2014,12,4,49
621,20141205,2014,12,5,49
622,20141206,2014,12,6,49
623,20141207,2014,12,7,49
624,20141208,2014,12,8,50
625,20141209,2014,12,9,50
626,20141210,2014,12,10,50
627,20141211,2014,12,11,50
628,20141212,2014,12,12,50
629,20141213,2014,12,13,50
630,20141214,2014,12,14,50
631,20141215,2014,12,15,51
632,20141216,2014,12,16,51
633,20141217,2014,12,17,51
634,20141218,2014,12,18,51
635,20141219,2014,12,19,51
636,20141220,2014,12,20,51
637,20141221,2014,12,21,51
638,20141222,2014,12,22,52
639,20141223,2014,12,23,52
640,20141224,2014,12,24,52
641,20141225,2014,12,25,52
642,20141226,2014,12,26,52
643,20141227,2014,12,27,52
644,20141228,2014,12,28,52
645,20141229,2014,12,29,53
646,20141230,2014,12,30,53
647,20141231,2014,12,31,53
651,20150104,2015,1,4,1
652,20150105,2015,1,5,2
653,20150106,2015,1,6,2
654,20150107,2015,1,7,2
655,20150108,2015,1,8,2
656,20150109,2015,1,9,2
657,20150110,2015,1,10,2
658,20150111,2015,1,11,2
659,20150112,2015,1,12,3
660,20150113,2015,1,13,3
661,20150114,2015,1,14,3
662,20150115,2015,1,15,3
663,20150116,2015,1,16,3
664,20150117,2015,1,17,3
665,20150118,2015,1,18,3
666,20150119,2015,1,19,4
667,20150120,2015,1,20,4
668,20150121,2015,1,21,4
669,20150122,2015,1,22,4
670,20150123,2015,1,23,4
671,20150124,2015,1,24,4
672,20150125,2015,1,25,4
673,20150126,2015,1,26,5
674,20150127,2015,1,27,5
675,20150128,2015,1,28,5
676,20150129,2015,1,29,5
677,20150130,2015,1,30,5
678,20150131,2015,1,31,5
679,20150201,2015,2,1,5
680,20150202,2015,2,2,6
681,20150203,2015,2,3,6
682,20150204,2015,2,4,6
683,20150205,2015,2,5,6
684,20150206,2015,2,6,6
685,20150207,2015,2,7,6
686,20150208,2015,2,8,6
687,20150209,2015,2,9,7
688,20150210,2015,2,10,7
689,20150211,2015,2,11,7
690,20150212,2015,2,12,7
691,20150213,2015,2,13,7
692,20150214,2015,2,14,7
693,20150215,2015,2,15,7
694,20150216,2015,2,16,8
695,20150217,2015,2,17,8
696,20150218,2015,2,18,8
697,20150219,2015,2,19,8
698,20150220,2015,2,20,8
699,20150221,2015,2,21,8
700,20150222,2015,2,22,8
701,20150223,2015,2,23,9
702,20150224,2015,2,24,9
703,20150225,2015,2,25,9
704,20150226,2015,2,26,9
705,20150227,2015,2,27,9
706,20150228,2015,2,28,9
707,20150301,2015,3,1,9
708,20150302,2015,3,2,10
709,20150303,2015,3,3,10
710,20150304,2015,3,4,10
711,20150305,2015,3,5,10
712,20150306,2015,3,6,10
713,20150307,2015,3,7,10
714,20150308,2015,3,8,10
715,20150309,2015,3,9,11
716,20150310,2015,3,10,11
717,20150311,2015,3,11,11
718,20150312,2015,3,12,11
719,20150313,2015,3,13,11
720,20150314,2015,3,14,11
721,20150315,2015,3,15,11
722,20150316,2015,3,16,12
723,20150317,2015,3,17,12
724,20150318,2015,3,18,12
725,20150319,2015,3,19,12
726,20150320,2015,3,20,12
727,20150321,2015,3,21,12
728,20150322,2015,3,22,12
729,20150323,2015,3,23,13
730,20150324,2015,3,24,13
731,20150325,2015,3,25,13
732,20150326,2015,3,26,13
733,20150327,2015,3,27,13
734,20150328,2015,3,28,13
735,20150329,2015,3,29,13
736,20150330,2015,3,30,14
737,20150331,2015,3,31,14
738,20150401,2015,4,1,14
739,20150402,2015,4,2,14
740,20150403,2015,4,3,14
741,20150404,2015,4,4,14
742,20150405,2015,4,5,14
743,20150406,2015,4,6,15
744,20150407,2015,4,7,15
745,20150408,2015,4,8,15
746,20150409,2015,4,9,15
747,20150410,2015,4,10,15
748,20150411,2015,4,11,15
749,20150412,2015,4,12,15
750,20150413,2015,4,13,16
751,20150414,2015,4,14,16
752,20150415,2015,4,15,16
753,20150416,2015,4,16,16
754,20150417,2015,4,17,16
755,20150418,2015,4,18,16
756,20150419,2015,4,19,16
757,20150420,2015,4,20,17
758,20150421,2015,4,21,17
759,20150422,2015,4,22,17
760,20150423,2015,4,23,17
761,20150424,2015,4,24,17
762,20150425,2015,4,25,17
763,20150426,2015,4,26,17
764,20150427,2015,4,27,18
765,20150428,2015,4,28,18
766,20150429,2015,4,29,18
767,20150430,2015,4,30,18
768,20150501,2015,5,1,18
769,20150502,2015,5,2,18
770,20150503,2015,5,3,18
771,20150504,2015,5,4,19
772,20150505,2015,5,5,19
773,20150506,2015,5,6,19
774,20150507,2015,5,7,19
775,20150508,2015,5,8,19
776,20150509,2015,5,9,19
777,20150510,2015,5,10,19
778,20150511,2015,5,11,20
779,20150512,2015,5,12,20
780,20150513,2015,5,13,20
781,20150514,2015,5,14,20
782,20150515,2015,5,15,20
783,20150516,2015,5,16,20
784,20150517,2015,5,17,20
785,20150518,2015,5,18,21
786,20150519,2015,5,19,21
787,20150520,2015,5,20,21
788,20150521,2015,5,21,21
789,20150522,2015,5,22,21
790,20150523,2015,5,23,21
791,20150524,2015,5,24,21
792,20150525,2015,5,25,22
793,20150526,2015,5,26,22
794,20150527,2015,5,27,22
795,20150528,2015,5,28,22
796,20150529,2015,5,29,22
797,20150530,2015,5,30,22
798,20150531,2015,5,31,22
799,20150601,2015,6,1,23
800,20150602,2015,6,2,23
801,20150603,2015,6,3,23
802,20150604,2015,6,4,23
803,20150605,2015,6,5,23
804,20150606,2015,6,6,23
805,20150607,2015,6,7,23
806,20150608,2015,6,8,24
807,20150609,2015,6,9,24
808,20150610,2015,6,10,24
809,20150611,2015,6,11,24
810,20150612,2015,6,12,24
811,20150613,2015,6,13,24
812,20150614,2015,6,14,24
813,20150615,2015,6,15,25
814,20150616,2015,6,16,25
815,20150617,2015,6,17,25
816,20150618,2015,6,18,25
817,20150619,2015,6,19,25
818,20150620,2015,6,20,25
819,20150621,2015,6,21,25
820,20150622,2015,6,22,26
821,20150623,2015,6,23,26
822,20150624,2015,6,24,26
823,20150625,2015,6,25,26
824,20150626,2015,6,26,26
825,20150627,2015,6,27,26
826,20150628,2015,6,28,26
827,20150629,2015,6,29,27
828,20150630,2015,6,30,27
829,20150701,2015,7,1,27
830,20150702,2015,7,2,27
831,20150703,2015,7,3,27
832,20150704,2015,7,4,27
833,20150705,2015,7,5,27
834,20150706,2015,7,6,28
835,20150707,2015,7,7,28
836,20150708,2015,7,8,28
837,20150709,2015,7,9,28
838,20150710,2015,7,10,28
839,20150711,2015,7,11,28
840,20150712,2015,7,12,28
841,20150713,2015,7,13,29
842,20150714,2015,7,14,29
843,20150715,2015,7,15,29
844,20150716,2015,7,16,29
845,20150717,2015,7,17,29
846,20150718,2015,7,18,29
847,20150719,2015,7,19,29
848,20150720,2015,7,20,30
849,20150721,2015,7,21,30
850,20150722,2015,7,22,30
851,20150723,2015,7,23,30
852,20150724,2015,7,24,30
853,20150725,2015,7,25,30
854,20150726,2015,7,26,30
855,20150727,2015,7,27,31
856,20150728,2015,7,28,31
857,20150729,2015,7,29,31
858,20150730,2015,7,30,31
859,20150731,2015,7,31,31
860,20150801,2015,8,1,31
861,20150802,2015,8,2,31
862,20150803,2015,8,3,32
863,20150804,2015,8,4,32
864,20150805,2015,8,5,32
865,20150806,2015,8,6,32
866,20150807,2015,8,7,32
867,20150808,2015,8,8,32
868,20150809,2015,8,9,32
869,20150810,2015,8,10,33
870,20150811,2015,8,11,33
871,20150812,2015,8,12,33
872,20150813,2015,8,13,33
873,20150814,2015,8,14,33
874,20150815,2015,8,15,33
875,20150816,2015,8,16,33
876,20150817,2015,8,17,34
877,20150818,2015,8,18,34
878,20150819,2015,8,19,34
879,20150820,2015,8,20,34
880,20150821,2015,8,21,34
881,20150822,2015,8,22,34
882,20150823,2015,8,23,34
883,20150824,2015,8,24,35
884,20150825,2015,8,25,35
885,20150826,2015,8,26,35
886,20150827,2015,8,27,35
887,20150828,2015,8,28,35
888,20150829,2015,8,29,35
889,20150830,2015,8,30,35
890,20150831,2015,8,31,36
891,20150901,2015,9,1,36
892,20150902,2015,9,2,36
893,20150903,2015,9,3,36
894,20150904,2015,9,4,36
895,20150905,2015,9,5,36
896,20150906,2015,9,6,36
897,20150907,2015,9,7,37
898,20150908,2015,9,8,37
899,20150909,2015,9,9,37
900,20150910,2015,9,10,37
901,20150911,2015,9,11,37
902,20150912,2015,9,12,37
903,20150913,2015,9,13,37
904,20150914,2015,9,14,38
905,20150915,2015,9,15,38
906,20150916,2015,9,16,38
907,20150917,2015,9,17,38
908,20150918,2015,9,18,38
909,20150919,2015,9,19,38
910,20150920,2015,9,20,38
911,20150921,2015,9,21,39
912,20150922,2015,9,22,39
913,20150923,2015,9,23,39
914,20150924,2015,9,24,39
915,20150925,2015,9,25,39
916,20150926,2015,9,26,39
917,20150927,2015,9,27,39
918,20150928,2015,9,28,40
919,20150929,2015,9,29,40
920,20150930,2015,9,30,40
921,20151001,2015,10,1,40
922,20151002,2015,10,2,40
923,20151003,2015,10,3,40
924,20151004,2015,10,4,40
925,20151005,2015,10,5,41
926,20151006,2015,10,6,41
927,20151007,2015,10,7,41
928,20151008,2015,10,8,41
929,20151009,2015,10,9,41
930,20151010,2015,10,10,41
931,20151011,2015,10,11,41
932,20151012,2015,10,12,42
933,20151013,2015,10,13,42
934,20151014,2015,10,14,42
935,20151015,2015,10,15,42
936,20151016,2015,10,16,42
937,20151017,2015,10,17,42
938,20151018,2015,10,18,42
939,20151019,2015,10,19,43
940,20151020,2015,10,20,43
941,20151021,2015,10,21,43
942,20151022,2015,10,22,43
943,20151023,2015,10,23,43
944,20151024,2015,10,24,43
945,20151025,2015,10,25,43
946,20151026,2015,10,26,44
947,20151027,2015,10,27,44
948,20151028,2015,10,28,44
949,20151029,2015,10,29,44
950,20151030,2015,10,30,44
951,20151031,2015,10,31,44
952,20151101,2015,11,1,44
953,20151102,2015,11,2,45
954,20151103,2015,11,3,45
955,20151104,2015,11,4,45
956,20151105,2015,11,5,45
957,20151106,2015,11,6,45
958,20151107,2015,11,7,45
959,20151108,2015,11,8,45
960,20151109,2015,11,9,46
961,20151110,2015,11,10,46
962,20151111,2015,11,11,46
963,20151112,2015,11,12,46
964,20151113,2015,11,13,46
965,20151114,2015,11,14,46
966,20151115,2015,11,15,46
967,20151116,2015,11,16,47
968,20151117,2015,11,17,47
969,20151118,2015,11,18,47
970,20151119,2015,11,19,47
971,20151120,2015,11,20,47
972,20151121,2015,11,21,47
973,20151122,2015,11,22,47
974,20151123,2015,11,23,48
975,20151124,2015,11,24,48
976,20151125,2015,11,25,48
977,20151126,2015,11,26,48
978,20151127,2015,11,27,48
979,20151128,2015,11,28,48
980,20151129,2015,11,29,48
981,20151130,2015,11,30,49
982,20151201,2015,12,1,49
983,20151202,2015,12,2,49
984,20151203,2015,12,3,49
985,20151204,2015,12,4,49
986,20151205,2015,12,5,49
987,20151206,2015,12,6,49
988,20151207,2015,12,7,50
989,20151208,2015,12,8,50
990,20151209,2015,12,9,50
991,20151210,2015,12,10,50
992,20151211,2015,12,11,50
993,20151212,2015,12,12,50
994,20151213,2015,12,13,50
995,20151214,2015,12,14,51
996,20151215,2015,12,15,51
997,20151216,2015,12,16,51
998,20151217,2015,12,17,51
999,20151218,2015,12,18,51
1000,20151219,2015,12,19,51
1001,20151220,2015,12,20,51
1002,20151221,2015,12,21,52
1003,20151222,2015,12,22,52
1004,20151223,2015,12,23,52
1005,20151224,2015,12,24,52
1006,20151225,2015,12,25,52
1007,20151226,2015,12,26,52
1008,20151227,2015,12,27,52
1009,20151228,2015,12,28,53
1010,20151229,2015,12,29,53
1011,20151230,2015,12,30,53
1012,20151231,2015,12,31,53
1013,20160101,2016,1,1,1
1014,20160102,2016,1,2,1
1015,20160103,2016,1,3,1
1016,20160104,2016,1,4,2
1017,20160105,2016,1,5,2
1018,20160106,2016,1,6,2
1019,20160107,2016,1,7,2
1020,20160108,2016,1,8,2
1021,20160109,2016,1,9,2
1022,20160110,2016,1,10,2
1023,20160111,2016,1,11,3
1024,20160112,2016,1,12,3
1025,20160113,2016,1,13,3
1026,20160114,2016,1,14,3
1027,20160115,2016,1,15,3
1028,20160116,2016,1,16,3
1029,20160117,2016,1,17,3
1030,20160118,2016,1,18,4
1031,20160119,2016,1,19,4
1032,20160120,2016,1,20,4
1033,20160121,2016,1,21,4
1034,20160122,2016,1,22,4
1035,20160123,2016,1,23,4
1036,20160124,2016,1,24,4
1037,20160125,2016,1,25,5
1038,20160126,2016,1,26,5
1039,20160127,2016,1,27,5
1040,20160128,2016,1,28,5
1041,20160129,2016,1,29,5
1042,20160130,2016,1,30,5
1043,20160131,2016,1,31,5
1044,20160201,2016,2,1,6
1045,20160202,2016,2,2,6
1046,20160203,2016,2,3,6
1047,20160204,2016,2,4,6
1048,20160205,2016,2,5,6
1049,20160206,2016,2,6,6
1050,20160207,2016,2,7,6
1051,20160208,2016,2,8,7
1052,20160209,2016,2,9,7
1053,20160210,2016,2,10,7
1054,20160211,2016,2,11,7
1055,20160212,2016,2,12,7
1056,20160213,2016,2,13,7
1057,20160214,2016,2,14,7
1058,20160215,2016,2,15,8
1059,20160216,2016,2,16,8
1060,20160217,2016,2,17,8
1061,20160218,2016,2,18,8
1062,20160219,2016,2,19,8
1063,20160220,2016,2,20,8
1064,20160221,2016,2,21,8
1065,20160222,2016,2,22,9
1066,20160223,2016,2,23,9
1067,20160224,2016,2,24,9
1068,20160225,2016,2,25,9
1069,20160226,2016,2,26,9
1070,20160227,2016,2,27,9
1071,20160228,2016,2,28,9
1072,20160229,2016,2,29,10
1073,20160301,2016,3,1,10
1074,20160302,2016,3,2,10
1075,20160303,2016,3,3,10
1076,20160304,2016,3,4,10
1077,20160305,2016,3,5,10
1078,20160306,2016,3,6,10
1079,20160307,2016,3,7,11
1080,20160308,2016,3,8,11
1081,20160309,2016,3,9,11
1082,20160310,2016,3,10,11
1083,20160311,2016,3,11,11
1084,20160312,2016,3,12,11
1085,20160313,2016,3,13,11
1086,20160314,2016,3,14,12
1087,20160315,2016,3,15,12
1088,20160316,2016,3,16,12
1089,20160317,2016,3,17,12
1090,20160318,2016,3,18,12
1091,20160319,2016,3,19,12
1092,20160320,2016,3,20,12
1093,20160321,2016,3,21,13
1094,20160322,2016,3,22,13
1095,20160323,2016,3,23,13
1096,20160324,2016,3,24,13
1097,20160325,2016,3,25,13
1098,20160326,2016,3,26,13
1099,20160327,2016,3,27,13
1100,20160328,2016,3,28,14
1101,20160329,2016,3,29,14
1102,20160330,2016,3,30,14
1103,20160331,2016,3,31,14
1104,20160401,2016,4,1,14
1105,20160402,2016,4,2,14
1106,20160403,2016,4,3,14
1107,20160404,2016,4,4,15
1108,20160405,2016,4,5,15
1109,20160406,2016,4,6,15
1110,20160407,2016,4,7,15
1111,20160408,2016,4,8,15
1112,20160409,2016,4,9,15
1113,20160410,2016,4,10,15
1114,20160411,2016,4,11,16
1115,20160412,2016,4,12,16
1116,20160413,2016,4,13,16
1117,20160414,2016,4,14,16
1118,20160415,2016,4,15,16
1119,20160416,2016,4,16,16
1120,20160417,2016,4,17,16
1121,20160418,2016,4,18,17
1122,20160419,2016,4,19,17
1123,20160420,2016,4,20,17
1124,20160421,2016,4,21,17
1125,20160422,2016,4,22,17
1126,20160423,2016,4,23,17
1127,20160424,2016,4,24,17
1128,20160425,2016,4,25,18
1129,20160426,2016,4,26,18
1130,20160427,2016,4,27,18
1131,20160428,2016,4,28,18
1132,20160429,2016,4,29,18
1133,20160430,2016,4,30,18
1134,20160501,2016,5,1,18
1135,20160502,2016,5,2,19
1136,20160503,2016,5,3,19
1137,20160504,2016,5,4,19
1138,20160505,2016,5,5,19
1139,20160506,2016,5,6,19
1140,20160507,2016,5,7,19
1141,20160508,2016,5,8,19
1142,20160509,2016,5,9,20
1143,20160510,2016,5,10,20
1144,20160511,2016,5,11,20
1145,20160512,2016,5,12,20
1146,20160513,2016,5,13,20
1147,20160514,2016,5,14,20
1148,20160515,2016,5,15,20
1149,20160516,2016,5,16,21
1150,20160517,2016,5,17,21
1151,20160518,2016,5,18,21
1152,20160519,2016,5,19,21
1153,20160520,2016,5,20,21
1154,20160521,2016,5,21,21
1155,20160522,2016,5,22,21
1156,20160523,2016,5,23,22
1157,20160524,2016,5,24,22
1158,20160525,2016,5,25,22
1159,20160526,2016,5,26,22
1160,20160527,2016,5,27,22
1161,20160528,2016,5,28,22
1162,20160529,2016,5,29,22
1163,20160530,2016,5,30,23
1164,20160531,2016,5,31,23
1165,20160601,2016,6,1,23
1166,20160602,2016,6,2,23
1167,20160603,2016,6,3,23
1168,20160604,2016,6,4,23
1169,20160605,2016,6,5,23
1170,20160606,2016,6,6,24
1171,20160607,2016,6,7,24
1172,20160608,2016,6,8,24
1173,20160609,2016,6,9,24
1174,20160610,2016,6,10,24
1175,20160611,2016,6,11,24
1176,20160612,2016,6,12,24
1177,20160613,2016,6,13,25
1178,20160614,2016,6,14,25
1179,20160615,2016,6,15,25
1180,20160616,2016,6,16,25
1181,20160617,2016,6,17,25
1182,20160618,2016,6,18,25
1183,20160619,2016,6,19,25
1184,20160620,2016,6,20,26
1185,20160621,2016,6,21,26
1186,20160622,2016,6,22,26
1187,20160623,2016,6,23,26
1188,20160624,2016,6,24,26
1189,20160625,2016,6,25,26
1190,20160626,2016,6,26,26
1191,20160627,2016,6,27,27
1192,20160628,2016,6,28,27
1193,20160629,2016,6,29,27
1194,20160630,2016,6,30,27
1195,20160701,2016,7,1,27
1196,20160702,2016,7,2,27
1197,20160703,2016,7,3,27
1198,20160704,2016,7,4,28
1199,20160705,2016,7,5,28
1200,20160706,2016,7,6,28
1201,20160707,2016,7,7,28
1202,20160708,2016,7,8,28
1203,20160709,2016,7,9,28
1204,20160710,2016,7,10,28
1205,20160711,2016,7,11,29
1206,20160712,2016,7,12,29
1207,20160713,2016,7,13,29
1208,20160714,2016,7,14,29
1209,20160715,2016,7,15,29
1210,20160716,2016,7,16,29
1211,20160717,2016,7,17,29
1212,20160718,2016,7,18,30
1213,20160719,2016,7,19,30
1214,20160720,2016,7,20,30
1215,20160721,2016,7,21,30
1216,20160722,2016,7,22,30
1217,20160723,2016,7,23,30
1218,20160724,2016,7,24,30
1219,20160725,2016,7,25,31
1220,20160726,2016,7,26,31
1221,20160727,2016,7,27,31
1222,20160728,2016,7,28,31
1223,20160729,2016,7,29,31
1224,20160730,2016,7,30,31
1225,20160731,2016,7,31,31
1226,20160801,2016,8,1,32
1227,20160802,2016,8,2,32
1228,20160803,2016,8,3,32
1229,20160804,2016,8,4,32
1230,20160805,2016,8,5,32
1231,20160806,2016,8,6,32
1232,20160807,2016,8,7,32
1233,20160808,2016,8,8,33
1234,20160809,2016,8,9,33
1235,20160810,2016,8,10,33
1236,20160811,2016,8,11,33
1237,20160812,2016,8,12,33
1238,20160813,2016,8,13,33
1239,20160814,2016,8,14,33
1240,20160815,2016,8,15,34
1241,20160816,2016,8,16,34
1242,20160817,2016,8,17,34
1243,20160818,2016,8,18,34
1244,20160819,2016,8,19,34
1245,20160820,2016,8,20,34
1246,20160821,2016,8,21,34
1247,20160822,2016,8,22,35
1248,20160823,2016,8,23,35
1249,20160824,2016,8,24,35
1250,20160825,2016,8,25,35
1251,20160826,2016,8,26,35
1252,20160827,2016,8,27,35
1253,20160828,2016,8,28,35
1254,20160829,2016,8,29,36
1255,20160830,2016,8,30,36
1256,20160831,2016,8,31,36
1257,20160901,2016,9,1,36
1258,20160902,2016,9,2,36
1259,20160903,2016,9,3,36
1260,20160904,2016,9,4,36
1261,20160905,2016,9,5,37
1262,20160906,2016,9,6,37
1263,20160907,2016,9,7,37
1264,20160908,2016,9,8,37
1265,20160909,2016,9,9,37
1266,20160910,2016,9,10,37
1267,20160911,2016,9,11,37
1268,20160912,2016,9,12,38
1269,20160913,2016,9,13,38
1270,20160914,2016,9,14,38
1271,20160915,2016,9,15,38
1272,20160916,2016,9,16,38
1273,20160917,2016,9,17,38
1274,20160918,2016,9,18,38
1275,20160919,2016,9,19,39
1276,20160920,2016,9,20,39
1277,20160921,2016,9,21,39
1278,20160922,2016,9,22,39
1279,20160923,2016,9,23,39
1280,20160924,2016,9,24,39
1281,20160925,2016,9,25,39
1282,20160926,2016,9,26,40
1283,20160927,2016,9,27,40
1284,20160928,2016,9,28,40
1285,20160929,2016,9,29,40
1286,20160930,2016,9,30,40
1287,20161001,2016,10,1,40
1288,20161002,2016,10,2,40
1289,20161003,2016,10,3,41
1290,20161004,2016,10,4,41
1291,20161005,2016,10,5,41
1292,20161006,2016,10,6,41
1293,20161007,2016,10,7,41
1294,20161008,2016,10,8,41
1295,20161009,2016,10,9,41
1296,20161010,2016,10,10,42
1297,20161011,2016,10,11,42
1298,20161012,2016,10,12,42
1299,20161013,2016,10,13,42
1300,20161014,2016,10,14,42
1301,20161015,2016,10,15,42
1302,20161016,2016,10,16,42
1303,20161017,2016,10,17,43
1304,20161018,2016,10,18,43
1305,20161019,2016,10,19,43
1306,20161020,2016,10,20,43
1307,20161021,2016,10,21,43
1308,20161022,2016,10,22,43
1309,20161023,2016,10,23,43
1310,20161024,2016,10,24,44
1311,20161025,2016,10,25,44
1312,20161026,2016,10,26,44
1313,20161027,2016,10,27,44
1314,20161028,2016,10,28,44
1315,20161029,2016,10,29,44
1316,20161030,2016,10,30,44
1317,20161031,2016,10,31,45
1318,20161101,2016,11,1,45
1319,20161102,2016,11,2,45
1320,20161103,2016,11,3,45
1321,20161104,2016,11,4,45
1322,20161105,2016,11,5,45
1323,20161106,2016,11,6,45
1324,20161107,2016,11,7,46
1325,20161108,2016,11,8,46
1326,20161109,2016,11,9,46
1327,20161110,2016,11,10,46
1328,20161111,2016,11,11,46
1329,20161112,2016,11,12,46
1330,20161113,2016,11,13,46
1331,20161114,2016,11,14,47
1332,20161115,2016,11,15,47
1333,20161116,2016,11,16,47
1334,20161117,2016,11,17,47
1335,20161118,2016,11,18,47
1336,20161119,2016,11,19,47
1337,20161120,2016,11,20,47
1338,20161121,2016,11,21,48
1339,20161122,2016,11,22,48
1340,20161123,2016,11,23,48
1341,20161124,2016,11,24,48
1342,20161125,2016,11,25,48
1343,20161126,2016,11,26,48
1344,20161127,2016,11,27,48
1345,20161128,2016,11,28,49
1346,20161129,2016,11,29,49
1347,20161130,2016,11,30,49
1348,20161201,2016,12,1,49
1349,20161202,2016,12,2,49
1350,20161203,2016,12,3,49
1351,20161204,2016,12,4,49
1352,20161205,2016,12,5,50
1353,20161206,2016,12,6,50
1354,20161207,2016,12,7,50
1355,20161208,2016,12,8,50
1356,20161209,2016,12,9,50
1357,20161210,2016,12,10,50
1358,20161211,2016,12,11,50
1359,20161212,2016,12,12,51
1360,20161213,2016,12,13,51
1361,20161214,2016,12,14,51
1362,20161215,2016,12,15,51
1363,20161216,2016,12,16,51
1364,20161217,2016,12,17,51
1365,20161218,2016,12,18,51
1366,20161219,2016,12,19,52
1367,20161220,2016,12,20,52
1368,20161221,2016,12,21,52
1369,20161222,2016,12,22,52
1370,20161223,2016,12,23,52
1371,20161224,2016,12,24,52
1372,20161225,2016,12,25,52
1373,20161226,2016,12,26,53
1374,20161227,2016,12,27,53
1375,20161228,2016,12,28,53
1376,20161229,2016,12,29,53
1377,20161230,2016,12,30,53
1378,20161231,2016,12,31,53
1379,20170101,2017,1,1,1
1380,20170102,2017,1,2,2
1381,20170103,2017,1,3,2
1382,20170104,2017,1,4,2
1383,20170105,2017,1,5,2
1384,20170106,2017,1,6,2
1385,20170107,2017,1,7,2
1386,20170108,2017,1,8,2
1387,20170109,2017,1,9,3
1388,20170110,2017,1,10,3
1389,20170111,2017,1,11,3
1390,20170112,2017,1,12,3
1391,20170113,2017,1,13,3
1392,20170114,2017,1,14,3
1393,20170115,2017,1,15,3
1394,20170116,2017,1,16,4
1395,20170117,2017,1,17,4
1396,20170118,2017,1,18,4
1397,20170119,2017,1,19,4
1398,20170120,2017,1,20,4
1399,20170121,2017,1,21,4
1400,20170122,2017,1,22,4
1401,20170123,2017,1,23,5
1402,20170124,2017,1,24,5
1403,20170125,2017,1,25,5
1404,20170126,2017,1,26,5
1405,20170127,2017,1,27,5
1406,20170128,2017,1,28,5
1407,20170129,2017,1,29,5
1408,20170130,2017,1,30,6
1409,20170131,2017,1,31,6
1410,20170201,2017,2,1,6
1411,20170202,2017,2,2,6
1412,20170203,2017,2,3,6
1413,20170204,2017,2,4,6
1414,20170205,2017,2,5,6
1415,20170206,2017,2,6,7
1416,20170207,2017,2,7,7
1417,20170208,2017,2,8,7
1418,20170209,2017,2,9,7
1419,20170210,2017,2,10,7
1420,20170211,2017,2,11,7
1421,20170212,2017,2,12,7
1422,20170213,2017,2,13,8
1423,20170214,2017,2,14,8
1424,20170215,2017,2,15,8
1425,20170216,2017,2,16,8
1426,20170217,2017,2,17,8
1427,20170218,2017,2,18,8
1428,20170219,2017,2,19,8
1429,20170220,2017,2,20,9
1430,20170221,2017,2,21,9
1431,20170222,2017,2,22,9
1432,20170223,2017,2,23,9
1433,20170224,2017,2,24,9
1434,20170225,2017,2,25,9
1435,20170226,2017,2,26,9
1436,20170227,2017,2,27,10
1437,20170228,2017,2,28,10
1438,20170301,2017,3,1,10
1439,20170302,2017,3,2,10
1440,20170303,2017,3,3,10
1441,20170304,2017,3,4,10
1442,20170305,2017,3,5,10
1443,20170306,2017,3,6,11
1444,20170307,2017,3,7,11
1445,20170308,2017,3,8,11
1446,20170309,2017,3,9,11
1447,20170310,2017,3,10,11
1448,20170311,2017,3,11,11
1449,20170312,2017,3,12,11
1450,20170313,2017,3,13,12
1451,20170314,2017,3,14,12
1452,20170315,2017,3,15,12
1453,20170316,2017,3,16,12
1454,20170317,2017,3,17,12
1455,20170318,2017,3,18,12
1456,20170319,2017,3,19,12
1457,20170320,2017,3,20,13
1458,20170321,2017,3,21,13
1459,20170322,2017,3,22,13
1460,20170323,2017,3,23,13
1461,20170324,2017,3,24,13
1462,20170325,2017,3,25,13
1463,20170326,2017,3,26,13
1464,20170327,2017,3,27,14
1465,20170328,2017,3,28,14
1466,20170329,2017,3,29,14
1467,20170330,2017,3,30,14
1468,20170331,2017,3,31,14
1469,20170401,2017,4,1,14
1470,20170402,2017,4,2,14
1471,20170403,2017,4,3,15
1472,20170404,2017,4,4,15
1473,20170405,2017,4,5,15
1474,20170406,2017,4,6,15
1475,20170407,2017,4,7,15
1476,20170408,2017,4,8,15
1477,20170409,2017,4,9,15
1478,20170410,2017,4,10,16
1479,20170411,2017,4,11,16
1480,20170412,2017,4,12,16
1481,20170413,2017,4,13,16
1482,20170414,2017,4,14,16
1483,20170415,2017,4,15,16
1484,20170416,2017,4,16,16
1485,20170417,2017,4,17,17
1486,20170418,2017,4,18,17
1487,20170419,2017,4,19,17
1488,20170420,2017,4,20,17
1489,20170421,2017,4,21,17
1490,20170422,2017,4,22,17
1491,20170423,2017,4,23,17
1492,20170424,2017,4,24,18
1493,20170425,2017,4,25,18
1494,20170426,2017,4,26,18
1495,20170427,2017,4,27,18
1496,20170428,2017,4,28,18
1497,20170429,2017,4,29,18
1498,20170430,2017,4,30,18
1499,20170501,2017,5,1,19
1500,20170502,2017,5,2,19
1501,20170503,2017,5,3,19
1502,20170504,2017,5,4,19
1503,20170505,2017,5,5,19
1504,20170506,2017,5,6,19
1505,20170507,2017,5,7,19
1506,20170508,2017,5,8,20
1507,20170509,2017,5,9,20
1508,20170510,2017,5,10,20
1509,20170511,2017,5,11,20
1510,20170512,2017,5,12,20
1511,20170513,2017,5,13,20
1512,20170514,2017,5,14,20
1513,20170515,2017,5,15,21
1514,20170516,2017,5,16,21
1515,20170517,2017,5,17,21
1516,20170518,2017,5,18,21
1517,20170519,2017,5,19,21
1518,20170520,2017,5,20,21
1519,20170521,2017,5,21,21
1520,20170522,2017,5,22,22
1521,20170523,2017,5,23,22
1522,20170524,2017,5,24,22
1523,20170525,2017,5,25,22
1524,20170526,2017,5,26,22
1525,20170527,2017,5,27,22
1526,20170528,2017,5,28,22
1527,20170529,2017,5,29,23
1528,20170530,2017,5,30,23
1529,20170531,2017,5,31,23
1530,20170601,2017,6,1,23
1531,20170602,2017,6,2,23
1532,20170603,2017,6,3,23
1533,20170604,2017,6,4,23
1534,20170605,2017,6,5,24
1535,20170606,2017,6,6,24
1536,20170607,2017,6,7,24
1537,20170608,2017,6,8,24
1538,20170609,2017,6,9,24
1539,20170610,2017,6,10,24
1540,20170611,2017,6,11,24
1541,20170612,2017,6,12,25
1542,20170613,2017,6,13,25
1543,20170614,2017,6,14,25
1544,20170615,2017,6,15,25
1545,20170616,2017,6,16,25
1546,20170617,2017,6,17,25
1547,20170618,2017,6,18,25
1548,20170619,2017,6,19,26
1549,20170620,2017,6,20,26
1550,20170621,2017,6,21,26
1551,20170622,2017,6,22,26
1552,20170623,2017,6,23,26
1553,20170624,2017,6,24,26
1554,20170625,2017,6,25,26
1555,20170626,2017,6,26,27
1556,20170627,2017,6,27,27
1557,20170628,2017,6,28,27
1558,20170629,2017,6,29,27
1559,20170630,2017,6,30,27
1560,20170701,2017,7,1,27
1561,20170702,2017,7,2,27
1562,20170703,2017,7,3,28
1563,20170704,2017,7,4,28
1564,20170705,2017,7,5,28
1565,20170706,2017,7,6,28
1566,20170707,2017,7,7,28
1567,20170708,2017,7,8,28
1568,20170709,2017,7,9,28
1569,20170710,2017,7,10,29
1570,20170711,2017,7,11,29
1571,20170712,2017,7,12,29
1572,20170713,2017,7,13,29
1573,20170714,2017,7,14,29
1574,20170715,2017,7,15,29
1575,20170716,2017,7,16,29
1576,20170717,2017,7,17,30
1577,20170718,2017,7,18,30
1578,20170719,2017,7,19,30
1579,20170720,2017,7,20,30
1580,20170721,2017,7,21,30
1581,20170722,2017,7,22,30
1582,20170723,2017,7,23,30
1583,20170724,2017,7,24,31
1584,20170725,2017,7,25,31
1585,20170726,2017,7,26,31
1586,20170727,2017,7,27,31
1587,20170728,2017,7,28,31
1588,20170729,2017,7,29,31
1589,20170730,2017,7,30,31
1590,20170731,2017,7,31,32
1591,20170801,2017,8,1,32
1592,20170802,2017,8,2,32
1593,20170803,2017,8,3,32
1594,20170804,2017,8,4,32
1595,20170805,2017,8,5,32
1596,20170806,2017,8,6,32
1597,20170807,2017,8,7,33
1598,20170808,2017,8,8,33
1599,20170809,2017,8,9,33
1600,20170810,2017,8,10,33
1601,20170811,2017,8,11,33
1602,20170812,2017,8,12,33
1603,20170813,2017,8,13,33
1604,20170814,2017,8,14,34
1605,20170815,2017,8,15,34
1606,20170816,2017,8,16,34
1607,20170817,2017,8,17,34
1608,20170818,2017,8,18,34
1609,20170819,2017,8,19,34
1610,20170820,2017,8,20,34
1611,20170821,2017,8,21,35
1612,20170822,2017,8,22,35
1613,20170823,2017,8,23,35
1614,20170824,2017,8,24,35
1615,20170825,2017,8,25,35
1616,20170826,2017,8,26,35
1617,20170827,2017,8,27,35
1618,20170828,2017,8,28,36
1619,20170829,2017,8,29,36
1620,20170830,2017,8,30,36
1621,20170831,2017,8,31,36
1622,20170901,2017,9,1,36
1623,20170902,2017,9,2,36
1624,20170903,2017,9,3,36
1625,20170904,2017,9,4,37
1626,20170905,2017,9,5,37
1627,20170906,2017,9,6,37
1628,20170907,2017,9,7,37
1629,20170908,2017,9,8,37
1630,20170909,2017,9,9,37
1631,20170910,2017,9,10,37
1632,20170911,2017,9,11,38
1633,20170912,2017,9,12,38
1634,20170913,2017,9,13,38
1635,20170914,2017,9,14,38
1636,20170915,2017,9,15,38
1637,20170916,2017,9,16,38
1638,20170917,2017,9,17,38
1639,20170918,2017,9,18,39
1640,20170919,2017,9,19,39
1641,20170920,2017,9,20,39
1642,20170921,2017,9,21,39
1643,20170922,2017,9,22,39
1644,20170923,2017,9,23,39
1645,20170924,2017,9,24,39
1646,20170925,2017,9,25,40
1647,20170926,2017,9,26,40
1648,20170927,2017,9,27,40
1649,20170928,2017,9,28,40
1650,20170929,2017,9,29,40
1651,20170930,2017,9,30,40
1652,20171001,2017,10,1,40
1653,20171002,2017,10,2,41
1654,20171003,2017,10,3,41
1655,20171004,2017,10,4,41
1656,20171005,2017,10,5,41
1657,20171006,2017,10,6,41
1658,20171007,2017,10,7,41
1659,20171008,2017,10,8,41
1660,20171009,2017,10,9,42
1661,20171010,2017,10,10,42
1662,20171011,2017,10,11,42
1663,20171012,2017,10,12,42
1664,20171013,2017,10,13,42
1665,20171014,2017,10,14,42
1666,20171015,2017,10,15,42
1667,20171016,2017,10,16,43
1668,20171017,2017,10,17,43
1669,20171018,2017,10,18,43
1670,20171019,2017,10,19,43
1671,20171020,2017,10,20,43
1672,20171021,2017,10,21,43
1673,20171022,2017,10,22,43
1674,20171023,2017,10,23,44
1675,20171024,2017,10,24,44
1676,20171025,2017,10,25,44
1677,20171026,2017,10,26,44
1678,20171027,2017,10,27,44
1679,20171028,2017,10,28,44
1680,20171029,2017,10,29,44
1681,20171030,2017,10,30,45
1682,20171031,2017,10,31,45
1683,20171101,2017,11,1,45
1684,20171102,2017,11,2,45
1685,20171103,2017,11,3,45
1686,20171104,2017,11,4,45
1687,20171105,2017,11,5,45
1688,20171106,2017,11,6,46
1689,20171107,2017,11,7,46
1690,20171108,2017,11,8,46
1691,20171109,2017,11,9,46
1692,20171110,2017,11,10,46
1693,20171111,2017,11,11,46
1694,20171112,2017,11,12,46
1695,20171113,2017,11,13,47
1696,20171114,2017,11,14,47
1697,20171115,2017,11,15,47
1698,20171116,2017,11,16,47
1699,20171117,2017,11,17,47
1700,20171118,2017,11,18,47
1701,20171119,2017,11,19,47
1702,20171120,2017,11,20,48
1703,20171121,2017,11,21,48
1704,20171122,2017,11,22,48
1705,20171123,2017,11,23,48
1706,20171124,2017,11,24,48
1707,20171125,2017,11,25,48
1708,20171126,2017,11,26,48
1709,20171127,2017,11,27,49
1710,20171128,2017,11,28,49
1711,20171129,2017,11,29,49
1712,20171130,2017,11,30,49
1713,20171201,2017,12,1,49
1714,20171202,2017,12,2,49
1715,20171203,2017,12,3,49
1716,20171204,2017,12,4,50
1717,20171205,2017,12,5,50
1718,20171206,2017,12,6,50
1719,20171207,2017,12,7,50
1720,20171208,2017,12,8,50
1721,20171209,2017,12,9,50
1722,20171210,2017,12,10,50
1723,20171211,2017,12,11,51
1724,20171212,2017,12,12,51
1725,20171213,2017,12,13,51
1726,20171214,2017,12,14,51
1727,20171215,2017,12,15,51
1728,20171216,2017,12,16,51
1729,20171217,2017,12,17,51
1730,20171218,2017,12,18,52
1731,20171219,2017,12,19,52
1732,20171220,2017,12,20,52
1733,20171221,2017,12,21,52
1734,20171222,2017,12,22,52
1735,20171223,2017,12,23,52
1736,20171224,2017,12,24,52
1737,20171225,2017,12,25,53
1738,20171226,2017,12,26,53
1739,20171227,2017,12,27,53
1740,20171228,2017,12,28,53
1741,20171229,2017,12,29,53
1742,20171230,2017,12,30,53
1743,20171231,2017,12,31,53
1744,20180101,2018,1,1,1
1745,20180102,2018,1,2,1
1746,20180103,2018,1,3,1
1747,20180104,2018,1,4,1
1748,20180105,2018,1,5,1
1749,20180106,2018,1,6,1
1750,20180107,2018,1,7,1
1751,20180108,2018,1,8,2
1752,20180109,2018,1,9,2
1753,20180110,2018,1,10,2
1754,20180111,2018,1,11,2
1755,20180112,2018,1,12,2
1756,20180113,2018,1,13,2
1757,20180114,2018,1,14,2
1758,20180115,2018,1,15,3
1759,20180116,2018,1,16,3
1760,20180117,2018,1,17,3
1761,20180118,2018,1,18,3
1762,20180119,2018,1,19,3
1763,20180120,2018,1,20,3
1764,20180121,2018,1,21,3
1765,20180122,2018,1,22,4
1766,20180123,2018,1,23,4
1767,20180124,2018,1,24,4
1768,20180125,2018,1,25,4
1769,20180126,2018,1,26,4
1770,20180127,2018,1,27,4
1771,20180128,2018,1,28,4
1772,20180129,2018,1,29,5
1773,20180130,2018,1,30,5
1774,20180131,2018,1,31,5
1775,20180201,2018,2,1,5
1776,20180202,2018,2,2,5
1777,20180203,2018,2,3,5
1778,20180204,2018,2,4,5
1779,20180205,2018,2,5,6
1780,20180206,2018,2,6,6
1781,20180207,2018,2,7,6
1782,20180208,2018,2,8,6
1783,20180209,2018,2,9,6
1784,20180210,2018,2,10,6
1785,20180211,2018,2,11,6
1786,20180212,2018,2,12,7
1787,20180213,2018,2,13,7
1788,20180214,2018,2,14,7
1789,20180215,2018,2,15,7
1790,20180216,2018,2,16,7
1791,20180217,2018,2,17,7
1792,20180218,2018,2,18,7
1793,20180219,2018,2,19,8
1794,20180220,2018,2,20,8
1795,20180221,2018,2,21,8
1796,20180222,2018,2,22,8
1797,20180223,2018,2,23,8
1798,20180224,2018,2,24,8
1799,20180225,2018,2,25,8
1800,20180226,2018,2,26,9
1801,20180227,2018,2,27,9
1802,20180228,2018,2,28,9
1803,20180301,2018,3,1,9
1804,20180302,2018,3,2,9
1805,20180303,2018,3,3,9
1806,20180304,2018,3,4,9
1807,20180305,2018,3,5,10
1808,20180306,2018,3,6,10
1809,20180307,2018,3,7,10
1810,20180308,2018,3,8,10
1811,20180309,2018,3,9,10
1812,20180310,2018,3,10,10
1813,20180311,2018,3,11,10
1814,20180312,2018,3,12,11
1815,20180313,2018,3,13,11
1816,20180314,2018,3,14,11
1817,20180315,2018,3,15,11
1818,20180316,2018,3,16,11
1819,20180317,2018,3,17,11
1820,20180318,2018,3,18,11
1821,20180319,2018,3,19,12
1822,20180320,2018,3,20,12
1823,20180321,2018,3,21,12
1824,20180322,2018,3,22,12
1825,20180323,2018,3,23,12
1826,20180324,2018,3,24,12
1827,20180325,2018,3,25,12
1828,20180326,2018,3,26,13
1829,20180327,2018,3,27,13
1830,20180328,2018,3,28,13
1831,20180329,2018,3,29,13
1832,20180330,2018,3,30,13
1833,20180331,2018,3,31,13
1834,20180401,2018,4,1,13
1835,20180402,2018,4,2,14
1836,20180403,2018,4,3,14
1837,20180404,2018,4,4,14
1838,20180405,2018,4,5,14
1839,20180406,2018,4,6,14
1840,20180407,2018,4,7,14
1841,20180408,2018,4,8,14
1842,20180409,2018,4,9,15
1843,20180410,2018,4,10,15
1844,20180411,2018,4,11,15
1845,20180412,2018,4,12,15
